quantity;description;price;executed_at;order_identifier;order_reference;account_name;action_name;currency_name;exchange_name;underlying_name
7;MAR13 Futures ;22456,4290;15.03.2013 02:55;00033e1c.00012f31.5141648c.0001;OVL HSI I1 S;DU19844;SLD;HSI;HKFE;HSI
7;MAR13 Futures ;22321,0000;15.03.2013 09:12;00033e1c.00012f31.5142b30e.0001;OVL HSI I1 S;DU19844;BOT;HSI;HKFE;HSI
7;MAR13 Futures ;22399,0000;15.03.2013 02:55;00033e1c.00012f31.5141648b.0001;OVL HSI I1 LS;DU19844;SLD;HSI;HKFE;HSI
31;MAR13 Futures ;2744,0000;15.03.2013 08:15;00033e1c.00012f31.5142b2e7.0001;MCM ESTX B 50% S;DU19844;SLD;ESTX50;DTB;ESTX50
53;JUN13 Futures ;1553,0000;15.03.2013 15:39;00033e1c.00012f31.5142b3d5.0001;MCM ES B 50% L;DU19844;BOT;ES;GLOBEX;ES
53;JUN13 Futures ;1553,0000;15.03.2013 22:10;00033e1c.00012f31.5142b6cf.0001;MCM ES B 50% L;DU19844;SLD;ES;GLOBEX;ES
6;JUN13 Futures ;8073,5000;15.03.2013 09:03;00033e1c.00012f31.5142b2f8.0001;MCM DAX B 50% S;DU19844;SLD;DAX;DTB;DAX
6;JUN13 Futures ;8052,0000;15.03.2013 21:55;00033e1c.00012f31.5142b6bd.0001;MCM DAX B 50% S;DU19844;BOT;DAX;DTB;DAX
9;MAR13 Futures ;3838,5000;15.03.2013 14:28;00033e1c.00012f31.5142b2e9.0001;MCM CAC B 50% S;DU19844;SLD;CAC40;MONEP;CAC40
1;MAR13 Futures ;2740,0000;15.03.2013 09:05;00033e1c.00012f31.5142b2e5.0001;ESTX S;DU19844;SLD;ESTX50;DTB;ESTX50
9;JUN13 Futures ;143,4200;15.03.2013 21:56;00033e1c.00012f31.5142b6c6.0001;5268 /DAXESTX PO/4/L2;DU19844;SLD;GBL;DTB;GBL
7;JUN13 Futures ;143,4300;15.03.2013 21:52;00033e1c.00012f31.5142b6b8.0001;5267 /DAXESTX PO/3/L2;DU19844;SLD;GBL;DTB;GBL
7;JUN13 Futures ;143,4500;15.03.2013 21:48;00033e1c.00012f31.5142b6b1.0001;5266 /DAXESTX PO/2/L2;DU19844;SLD;GBL;DTB;GBL
7;JUN13 Futures ;143,4400;15.03.2013 21:43;00033e1c.00012f31.5142b6ac.0001;5265 /DAXESTX PO/1/L2;DU19844;SLD;GBL;DTB;GBL
7;MAR13 Futures ;22360,1430;15.03.2013 09:13;00033e1c.00012f31.5142b313.0001;5264 /Z TEST/1/L2;DU19844;BOT;HSI;HKFE;HSI
45;JUN13 Futures ;143,3300;15.03.2013 14:38;00033e1c.00012f31.5142b2f9.0001;$BND m->s L2;DU19844;BOT;GBL;DTB;GBL
1;APR13 Futures ;14,9000;18.03.2013 15:15;00033e1c.00012f31.5146a79d.0001;VIX 2;DU19844;SLD;VIX;CFE;VIX
1;APR13 Futures ;15,3500;18.03.2013 20:35;00033e1c.00012f31.5146a7c0.0001;VIX 2;DU19844;BOT;VIX;CFE;VIX
1;APR13 Futures ;14,9000;18.03.2013 15:15;00033e1c.00012f31.5146a79c.0001;VIX 1;DU19844;SLD;VIX;CFE;VIX
1;APR13 Futures ;15,3500;18.03.2013 20:35;00033e1c.00012f31.5146a7bf.0001;VIX 1;DU19844;BOT;VIX;CFE;VIX
7;MAR13 Futures ;21950,0000;18.03.2013 03:14;00033e1c.00012f31.5145558a.0001;OVL HSI I1 S;DU19844;SLD;HSI;HKFE;HSI
7;MAR13 Futures ;22042,0000;18.03.2013 09:12;00033e1c.00012f31.5146a748.0001;OVL HSI I1 S;DU19844;BOT;HSI;HKFE;HSI
7;MAR13 Futures ;21987,7140;18.03.2013 03:14;00033e1c.00012f31.51455589.0001;OVL HSI I1 LS;DU19844;SLD;HSI;HKFE;HSI
19;JUN13 Futures ;2611,0000;18.03.2013 09:16;00033e1c.00012f31.5146a73f.0001;MCM ESTX B 30% L;DU19844;BOT;ESTX50;DTB;ESTX50
19;JUN13 Futures ;2630,0000;18.03.2013 21:56;00033e1c.00012f31.5146a962.0001;MCM ESTX B 30% L;DU19844;SLD;ESTX50;DTB;ESTX50
53;JUN13 Futures ;1549,2500;18.03.2013 17:00;00033e1c.00012f31.5146a7c6.0001;MCM ES B 50% L;DU19844;BOT;ES;GLOBEX;ES
53;JUN13 Futures ;1547,7500;18.03.2013 22:14;00033e1c.00012f31.5146a96f.0001;MCM ES B 50% L;DU19844;SLD;ES;GLOBEX;ES
4;JUN13 Futures ;7894,0000;18.03.2013 08:00;00033e1c.00012f31.5146a731.0001;MCM DAX B 30% L;DU19844;BOT;DAX;DTB;DAX
4;JUN13 Futures ;7909,3750;18.03.2013 08:04;00033e1c.00012f31.5146a738.0001;MCM DAX B 30% L;DU19844;SLD;DAX;DTB;DAX
4;JUN13 Futures ;7961,5000;18.03.2013 09:17;00033e1c.00012f31.5146a73b.0001;MCM DAX B 30% L;DU19844;BOT;DAX;DTB;DAX
4;JUN13 Futures ;8005,0000;18.03.2013 21:55;00033e1c.00012f31.5146a960.0001;MCM DAX B 30% L;DU19844;SLD;DAX;DTB;DAX
1;APR13 Futures ;3816,0000;18.03.2013 21:50;00033e1c.00012f31.5146a951.0001;MCM CAC B 30% L;DU19844;SLD;CAC40;MONEP;CAC40
5;APR13 Futures ;3816,0000;18.03.2013 21:51;00033e1c.00012f31.5146a954.0001;MCM CAC B 30% L;DU19844;SLD;CAC40;MONEP;CAC40
6;APR13 Futures ;3802,5000;18.03.2013 10:03;00033e1c.00012f31.5146a73d.0001;MCM CAC B 30% L;DU19844;BOT;CAC40;MONEP;CAC40
1;JUN13 Futures ;2631,0000;18.03.2013 16:28;00033e1c.00012f31.5146a72c.0001;ESTX S;DU19844;SLD;ESTX50;DTB;ESTX50
1;JUN13 Futures ;2631,0000;18.03.2013 21:56;00033e1c.00012f31.5146a95a.0001;ESTX S;DU19844;BOT;ESTX50;DTB;ESTX50
1;JUN13 Futures ;2642,0000;18.03.2013 17:06;00033e1c.00012f31.5146a72b.0001;ESTX L;DU19844;BOT;ESTX50;DTB;ESTX50
1;JUN13 Futures ;2630,0000;18.03.2013 21:59;00033e1c.00012f31.5146a96c.0001;ESTX L;DU19844;SLD;ESTX50;DTB;ESTX50
15;JUN13 Futures ;144,0300;18.03.2013 21:56;00033e1c.00012f31.5146a966.0001;CR;DU19844;SLD;GBL;DTB;GBL
2;APR13 Futures ;92,3400;18.03.2013 07:44;00033e1c.00012f31.5146a724.0001;CL s->m 4. Short;DU19844;SLD;CL;NYMEX;CL
2;APR13 Futures ;93,0700;18.03.2013 15:29;00033e1c.00012f31.5146a72a.0001;CL s->m 4. Short;DU19844;BOT;CL;NYMEX;CL
2;APR13 Futures ;92,3400;18.03.2013 07:44;00033e1c.00012f31.5146a723.0001;CL s->m 3. Short;DU19844;SLD;CL;NYMEX;CL
2;APR13 Futures ;93,0700;18.03.2013 15:29;00033e1c.00012f31.5146a729.0001;CL s->m 3. Short;DU19844;BOT;CL;NYMEX;CL
7;MAR13 Futures ;22068,8570;18.03.2013 09:13;00033e1c.00012f31.5146a74d.0001;5271 /Z TEST/1/L2;DU19844;BOT;HSI;HKFE;HSI
1;APR13 Futures ;15,0000;19.03.2013 14:33;00033e1c.00012f31.5147f933.0001;VIX 2;DU19844;SLD;VIX;CFE;VIX
1;APR13 Futures ;15,2500;19.03.2013 15:30;00033e1c.00012f31.5147f93a.0001;VIX 2;DU19844;BOT;VIX;CFE;VIX
1;APR13 Futures ;14,9000;19.03.2013 14:00;00033e1c.00012f31.5147f935.0001;VIX 1;DU19844;SLD;VIX;CFE;VIX
1;APR13 Futures ;15,2500;19.03.2013 15:30;00033e1c.00012f31.5147f934.0001;VIX 1;DU19844;BOT;VIX;CFE;VIX
1;JUN13 Futures ;2630,0000;19.03.2013 08:00;00033e1c.00012f31.5147f8cf.0001;ESTX S;DU19844;SLD;ESTX50;DTB;ESTX50
1;JUN13 Futures ;2609,0000;19.03.2013 21:55;00033e1c.00012f31.5147f96b.0001;ESTX S;DU19844;BOT;ESTX50;DTB;ESTX50
1;MAY13 Futures ;92,4500;19.03.2013 22:00;00033e1c.00012f31.5147f977.0001;CL s->m 3. Short;DU19844;BOT;CL;NYMEX;CL
1;MAY13 Futures ;92,4500;19.03.2013 22:00;00033e1c.00012f31.5147f97c.0001;CL s->m 3. Short;DU19844;BOT;CL;NYMEX;CL
2;MAY13 Futures ;92,9600;19.03.2013 18:19;00033e1c.00012f31.5147f91c.0001;CL s->m 4. Short;DU19844;SLD;CL;NYMEX;CL
2;MAY13 Futures ;92,4500;19.03.2013 22:00;00033e1c.00012f31.5147f97e.0001;CL s->m 4. Short;DU19844;BOT;CL;NYMEX;CL
2;MAY13 Futures ;93,0400;19.03.2013 18:19;00033e1c.00012f31.5147f91b.0001;CL s->m 3. Short;DU19844;SLD;CL;NYMEX;CL
4;JUN13 Futures ;8010,5000;19.03.2013 08:06;00033e1c.00012f31.5147f8d4.0001;MCM DAX B 30% L;DU19844;BOT;DAX;DTB;DAX
4;JUN13 Futures ;7962,0000;19.03.2013 21:55;00033e1c.00012f31.5147f968.0001;MCM DAX B 30% L;DU19844;SLD;DAX;DTB;DAX
6;JUN13 Futures ;7990,5000;19.03.2013 09:02;00033e1c.00012f31.5147f8ed.0001;MCM DAX B 50% S;DU19844;SLD;DAX;DTB;DAX
6;JUN13 Futures ;7963,0000;19.03.2013 21:55;00033e1c.00012f31.5147f974.0001;MCM DAX B 50% S;DU19844;BOT;DAX;DTB;DAX
9;APR13 Futures ;3788,5000;19.03.2013 15:28;00033e1c.00012f31.5147f8d3.0001;MCM CAC B 50% S;DU19844;SLD;CAC40;MONEP;CAC40
9;APR13 Futures ;3785,5000;19.03.2013 21:50;00033e1c.00012f31.5147f965.0001;MCM CAC B 50% S;DU19844;BOT;CAC40;MONEP;CAC40
31;JUN13 Futures ;2630,0000;19.03.2013 08:00;00033e1c.00012f31.5147f8d1.0001;MCM ESTX B 50% S;DU19844;SLD;ESTX50;DTB;ESTX50
31;JUN13 Futures ;2609,0000;19.03.2013 21:55;00033e1c.00012f31.5147f96c.0001;MCM ESTX B 50% S;DU19844;BOT;ESTX50;DTB;ESTX50
89;JUN13 Futures ;1540,5000;19.03.2013 16:52;00033e1c.00012f31.5147f93e.0001;MCM ES B 30% S;DU19844;SLD;ES;GLOBEX;ES
89;JUN13 Futures ;1540,2500;19.03.2013 22:10;00033e1c.00012f31.5147f982.0001;MCM ES B 30% S;DU19844;BOT;ES;GLOBEX;ES
45;JUN13 Futures ;144,0200;20.03.2013 13:14;00033e1c.00012f31.51494a5b.0001;$BND m->s L2_S3;DU19844;SLD;GBL;DTB;GBL
45;JUN13 Futures ;144,1500;20.03.2013 21:59;00033e1c.00012f31.51494d80.0001;$BND m->s L2_S3;DU19844;BOT;GBL;DTB;GBL
45;JUN13 Futures ;144,0200;20.03.2013 13:14;00033e1c.00012f31.51494a5c.0001;$BND m->s S3;DU19844;SLD;GBL;DTB;GBL
45;JUN13 Futures ;144,0700;20.03.2013 13:52;00033e1c.00012f31.51494cdc.0001;$BND m->s S3;DU19844;BOT;GBL;DTB;GBL
2;MAR13 Futures ;22215,5000;20.03.2013 09:13;00033e1c.00012f31.51494ab7.0001;5272 /Z TEST/1/L2;DU19844;SLD;HSI;HKFE;HSI
3;MAR13 Futures ;22255,0000;20.03.2013 09:12;00033e1c.00012f31.51494ab2.0001;5273 /Z TEST/2/L1;DU19844;SLD;HSI;HKFE;HSI
5;MAR13 Futures ;22242,0000;20.03.2013 09:09;00033e1c.00012f31.51494aa8.0001;5274 /Z TEST/3/L1;DU19844;SLD;HSI;HKFE;HSI
4;MAR13 Futures ;22250,0000;20.03.2013 09:07;00033e1c.00012f31.51494aa2.0001;5275 /Z TEST/4/L1;DU19844;SLD;HSI;HKFE;HSI
1;APR13 Futures ;3799,0000;20.03.2013 09:04;00033e1c.00012f31.51494a88.0001;CAC X C1 A2;DU19844;SLD;CAC40;MONEP;CAC40
1;APR13 Futures ;3816,0000;20.03.2013 09:15;00033e1c.00012f31.51494a87.0001;CAC X C1 A2;DU19844;BOT;CAC40;MONEP;CAC40
2;MAY13 Futures ;93,1400;20.03.2013 11:25;00033e1c.00012f31.51494a76.0001;CL s->m 2. Long;DU19844;BOT;CL;NYMEX;CL
2;MAY13 Futures ;93,4000;20.03.2013 22:00;00033e1c.00012f31.51494d87.0001;CL s->m 2. Long;DU19844;SLD;CL;NYMEX;CL
2;MAY13 Futures ;92,8400;20.03.2013 08:03;00033e1c.00012f31.51494a54.0001;CL s->m 3. Short;DU19844;SLD;CL;NYMEX;CL
2;MAY13 Futures ;92,9000;20.03.2013 08:28;00033e1c.00012f31.51494a71.0001;CL s->m 3. Short;DU19844;BOT;CL;NYMEX;CL
2;MAY13 Futures ;93,3900;20.03.2013 13:07;00033e1c.00012f31.51494a77.0001;CL s->m 4. Long;DU19844;BOT;CL;NYMEX;CL
2;MAY13 Futures ;93,4000;20.03.2013 22:00;00033e1c.00012f31.51494d8a.0001;CL s->m 4. Long;DU19844;SLD;CL;NYMEX;CL
2;MAY13 Futures ;92,8400;20.03.2013 08:03;00033e1c.00012f31.51494a56.0001;CL s->m 4. Short;DU19844;SLD;CL;NYMEX;CL
2;MAY13 Futures ;92,8600;20.03.2013 08:34;00033e1c.00012f31.51494a7b.0001;CR;DU19844;BOT;CL;NYMEX;CL
1;JUN13 Futures ;2629,0000;20.03.2013 09:01;00033e1c.00012f31.51494a4d.0001;ESTX L;DU19844;BOT;ESTX50;DTB;ESTX50
1;JUN13 Futures ;2635,0000;20.03.2013 21:55;00033e1c.00012f31.51494d75.0001;ESTX L;DU19844;SLD;ESTX50;DTB;ESTX50
6;APR13 Futures ;3802,5000;20.03.2013 08:24;00033e1c.00012f31.51494a51.0001;MCM CAC B 30% L;DU19844;BOT;CAC40;MONEP;CAC40
6;APR13 Futures ;3820,5000;20.03.2013 21:50;00033e1c.00012f31.51494d70.0001;MCM CAC B 30% L;DU19844;SLD;CAC40;MONEP;CAC40
4;JUN13 Futures ;8010,0000;20.03.2013 09:01;00033e1c.00012f31.51494a57.0001;MCM DAX B 30% L;DU19844;BOT;DAX;DTB;DAX
4;JUN13 Futures ;8004,5000;20.03.2013 21:57;00033e1c.00012f31.51494d73.0001;MCM DAX B 30% L;DU19844;SLD;DAX;DTB;DAX
89;JUN13 Futures ;1550,7500;20.03.2013 15:30;00033e1c.00012f31.51494d30.0001;MCM ES B 30% S;DU19844;SLD;ES;GLOBEX;ES
89;JUN13 Futures ;1550,5000;20.03.2013 22:14;00033e1c.00012f31.51494d92.0001;MCM ES B 30% S;DU19844;BOT;ES;GLOBEX;ES
53;JUN13 Futures ;1552,2500;20.03.2013 19:16;00033e1c.00012f31.51494d2f.0001;MCM ES B 50% L;DU19844;BOT;ES;GLOBEX;ES
53;JUN13 Futures ;1550,5000;20.03.2013 22:11;00033e1c.00012f31.51494d8f.0001;MCM ES B 50% L;DU19844;SLD;ES;GLOBEX;ES
19;JUN13 Futures ;2643,0000;20.03.2013 13:07;00033e1c.00012f31.51494a5d.0001;MCM ESTX B 30% L;DU19844;BOT;ESTX50;DTB;ESTX50
19;JUN13 Futures ;2635,0000;20.03.2013 21:55;00033e1c.00012f31.51494d76.0001;MCM ESTX B 30% L;DU19844;SLD;ESTX50;DTB;ESTX50
7;MAR13 Futures ;22175,2860;20.03.2013 02:59;00033e1c.00012f31.5147f985.0001;OVL HSI I1 L;DU19844;BOT;HSI;HKFE;HSI
7;MAR13 Futures ;22213,0000;20.03.2013 02:59;00033e1c.00012f31.5147f986.0001;OVL HSI I1 LS;DU19844;BOT;HSI;HKFE;HSI
1;APR13 Futures ;14,9000;20.03.2013 14:00;00033e1c.00012f31.51494ce3.0001;VIX 1;DU19844;SLD;VIX;CFE;VIX
1;APR13 Futures ;14,9000;20.03.2013 14:00;00033e1c.00012f31.51494ce5.0001;VIX 2;DU19844;SLD;VIX;CFE;VIX
45;JUN13 Futures ;144,3000;21.03.2013 09:07;00033e1c.00012f31.514a9bd9.0001;$BND m->s L2_S3;DU19844;BOT;GBL;DTB;GBL
45;JUN13 Futures ;144,2700;21.03.2013 09:08;00033e1c.00012f31.514a9c12.0001;$BND m->s L2_S3;DU19844;SLD;GBL;DTB;GBL
2;MAR13 Futures ;22254,0000;21.03.2013 09:13;00033e1c.00012f31.514a9c21.0001;5276 /Z TEST/1/L1;DU19844;SLD;HSI;HKFE;HSI
3;MAR13 Futures ;22251,0000;21.03.2013 09:12;00033e1c.00012f31.514a9c1e.0001;5277 /Z TEST/2/L1;DU19844;SLD;HSI;HKFE;HSI
5;MAR13 Futures ;22235,0000;21.03.2013 09:09;00033e1c.00012f31.514a9c15.0001;5278 /Z TEST/3/L1;DU19844;SLD;HSI;HKFE;HSI
4;MAR13 Futures ;22225,0000;21.03.2013 09:07;00033e1c.00012f31.514a9c0c.0001;5279 /Z TEST/4/L1;DU19844;SLD;HSI;HKFE;HSI
1;APR13 Futures ;3777,0000;21.03.2013 17:28;00033e1c.00012f31.514a9d2c.0001;5280 /Z TEST/1/L2;DU19844;BOT;CAC40;MONEP;CAC40
1;APR13 Futures ;3804,5000;21.03.2013 09:30;00033e1c.00012f31.514a9c06.0001;CAC X C1 A2;DU19844;SLD;CAC40;MONEP;CAC40
2;MAY13 Futures ;92,2800;21.03.2013 18:23;00033e1c.00012f31.514a9bf0.0001;CL s->m 3. Short;DU19844;SLD;CL;NYMEX;CL
2;MAY13 Futures ;92,4600;21.03.2013 22:00;00033e1c.00012f31.514a9d83.0001;CL s->m 3. Short;DU19844;BOT;CL;NYMEX;CL
2;MAY13 Futures ;92,1500;21.03.2013 18:23;00033e1c.00012f31.514a9bf1.0001;CL s->m 4. Short;DU19844;SLD;CL;NYMEX;CL
2;MAY13 Futures ;92,4600;21.03.2013 22:00;00033e1c.00012f31.514a9d85.0001;CL s->m 4. Short;DU19844;BOT;CL;NYMEX;CL
1;JUN13 Futures ;2637,0000;21.03.2013 08:02;00033e1c.00012f31.514a9bce.0001;ESTX L;DU19844;BOT;ESTX50;DTB;ESTX50
1;JUN13 Futures ;2612,0000;21.03.2013 21:56;00033e1c.00012f31.514a9d62.0001;ESTX L;DU19844;SLD;ESTX50;DTB;ESTX50
1;JUN13 Futures ;2631,0000;21.03.2013 09:30;00033e1c.00012f31.514a9bcf.0001;ESTX S;DU19844;SLD;ESTX50;DTB;ESTX50
1;JUN13 Futures ;2612,0000;21.03.2013 21:56;00033e1c.00012f31.514a9d63.0001;ESTX S;DU19844;BOT;ESTX50;DTB;ESTX50
9;APR13 Futures ;3816,0000;21.03.2013 09:04;00033e1c.00012f31.514a9bf3.0001;MCM CAC B 50% S;DU19844;SLD;CAC40;MONEP;CAC40
9;APR13 Futures ;3768,5000;21.03.2013 21:50;00033e1c.00012f31.514a9d5c.0001;MCM CAC B 50% S;DU19844;BOT;CAC40;MONEP;CAC40
4;JUN13 Futures ;8010,5000;21.03.2013 08:29;00033e1c.00012f31.514a9bd6.0001;MCM DAX B 30% L;DU19844;BOT;DAX;DTB;DAX
4;JUN13 Futures ;7932,0000;21.03.2013 21:55;00033e1c.00012f31.514a9d6b.0001;MCM DAX B 30% L;DU19844;SLD;DAX;DTB;DAX
6;JUN13 Futures ;7979,0000;21.03.2013 09:28;00033e1c.00012f31.514a9bf4.0001;MCM DAX B 50% S;DU19844;SLD;DAX;DTB;DAX
6;JUN13 Futures ;7931,7500;21.03.2013 21:55;00033e1c.00012f31.514a9d6d.0001;MCM DAX B 50% S;DU19844;BOT;DAX;DTB;DAX
89;JUN13 Futures ;1540,0000;21.03.2013 19:00;00033e1c.00012f31.514a9d14.0001;MCM ES B 30% S;DU19844;SLD;ES;GLOBEX;ES
89;JUN13 Futures ;1538,7500;21.03.2013 22:13;00033e1c.00012f31.514a9d8b.0001;MCM ES B 30% S;DU19844;BOT;ES;GLOBEX;ES
53;JUN13 Futures ;1544,5000;21.03.2013 15:42;00033e1c.00012f31.514a9d15.0001;MCM ES B 50% L;DU19844;BOT;ES;GLOBEX;ES
53;JUN13 Futures ;1539,0000;21.03.2013 22:11;00033e1c.00012f31.514a9d8c.0001;MCM ES B 50% L;DU19844;SLD;ES;GLOBEX;ES
19;JUN13 Futures ;2637,0000;21.03.2013 08:02;00033e1c.00012f31.514a9bd0.0001;MCM ESTX B 30% L;DU19844;BOT;ESTX50;DTB;ESTX50
19;JUN13 Futures ;2612,0000;21.03.2013 21:56;00033e1c.00012f31.514a9d64.0001;MCM ESTX B 30% L;DU19844;SLD;ESTX50;DTB;ESTX50
31;JUN13 Futures ;2630,0000;21.03.2013 09:30;00033e1c.00012f31.514a9bf2.0001;MCM ESTX B 50% S;DU19844;SLD;ESTX50;DTB;ESTX50
31;JUN13 Futures ;2613,0000;21.03.2013 21:56;00033e1c.00012f31.514a9d70.0001;MCM ESTX B 50% S;DU19844;BOT;ESTX50;DTB;ESTX50
7;MAR13 Futures ;22442,0000;21.03.2013 02:58;00033e1c.00012f31.51494d95.0001;OVL HSI I1 L;DU19844;BOT;HSI;HKFE;HSI
7;MAR13 Futures ;22432,4290;21.03.2013 02:58;00033e1c.00012f31.51494d96.0001;OVL HSI I1 LS;DU19844;BOT;HSI;HKFE;HSI
1;APR13 Futures ;14,6500;21.03.2013 14:13;00033e1c.00012f31.514a9cdc.0001;VIX 1;DU19844;BOT;VIX;CFE;VIX
1;APR13 Futures ;15,1000;21.03.2013 19:04;00033e1c.00012f31.514a9cde.0001;VIX 2;DU19844;BOT;VIX;CFE;VIX
45;JUN13 Futures ;144,6600;22.03.2013 08:51;00033e1c.00012f31.514bedb9.0001;$BND m->s L2_S3;DU19844;SLD;GBL;DTB;GBL
45;JUN13 Futures ;144,7500;22.03.2013 10:09;00033e1c.00012f31.514bee0b.0001;$BND m->s L2_S3;DU19844;BOT;GBL;DTB;GBL
45;JUN13 Futures ;144,6400;22.03.2013 10:13;00033e1c.00012f31.514bee0e.0001;$BND m->s L2_S3;DU19844;BOT;GBL;DTB;GBL
45;JUN13 Futures ;144,3300;22.03.2013 21:57;00033e1c.00012f31.514beee3.0001;$BND m->s L2_S3;DU19844;SLD;GBL;DTB;GBL
7;MAR13 Futures ;22198,1430;22.03.2013 09:13;00033e1c.00012f31.514bedd5.0001;5281 /Z TEST/1/L2;DU19844;BOT;HSI;HKFE;HSI
2;MAY13 Futures ;92,5300;22.03.2013 08:19;00033e1c.00012f31.514bedbd.0001;CL s->m 2. Long;DU19844;BOT;CL;NYMEX;CL
2;MAY13 Futures ;93,8500;22.03.2013 22:00;00033e1c.00012f31.514beeec.0001;CL s->m 2. Long;DU19844;SLD;CL;NYMEX;CL
2;MAY13 Futures ;93,3000;22.03.2013 15:13;00033e1c.00012f31.514bedc1.0001;CL s->m 4. Long;DU19844;BOT;CL;NYMEX;CL
2;MAY13 Futures ;93,8500;22.03.2013 22:00;00033e1c.00012f31.514beeee.0001;CL s->m 4. Long;DU19844;SLD;CL;NYMEX;CL
1;JUN13 Futures ;2611,0000;22.03.2013 08:42;00033e1c.00012f31.514bedaf.0001;ESTX L;DU19844;BOT;ESTX50;DTB;ESTX50
1;JUN13 Futures ;2633,0000;22.03.2013 21:57;00033e1c.00012f31.514beeda.0001;ESTX L;DU19844;SLD;ESTX50;DTB;ESTX50
4;JUN13 Futures ;7960,5000;22.03.2013 15:09;00033e1c.00012f31.514bedbb.0001;MCM DAX B 30% L;DU19844;BOT;DAX;DTB;DAX
4;JUN13 Futures ;7945,3750;22.03.2013 21:55;00033e1c.00012f31.514beede.0001;MCM DAX B 30% L;DU19844;SLD;DAX;DTB;DAX
89;JUN13 Futures ;1548,2500;22.03.2013 15:30;00033e1c.00012f31.514bee8f.0001;MCM ES B 30% S;DU19844;SLD;ES;GLOBEX;ES
89;JUN13 Futures ;1553,0000;22.03.2013 22:10;00033e1c.00012f31.514beef2.0001;MCM ES B 30% S;DU19844;BOT;ES;GLOBEX;ES
53;JUN13 Futures ;1549,0000;22.03.2013 15:46;00033e1c.00012f31.514bee90.0001;MCM ES B 50% L;DU19844;BOT;ES;GLOBEX;ES
53;JUN13 Futures ;1553,0000;22.03.2013 22:11;00033e1c.00012f31.514beef4.0001;MCM ES B 50% L;DU19844;SLD;ES;GLOBEX;ES
19;JUN13 Futures ;2611,0000;22.03.2013 08:42;00033e1c.00012f31.514bedb1.0001;MCM ESTX B 30% L;DU19844;BOT;ESTX50;DTB;ESTX50
19;JUN13 Futures ;2633,0000;22.03.2013 21:57;00033e1c.00012f31.514beedb.0001;MCM ESTX B 30% L;DU19844;SLD;ESTX50;DTB;ESTX50
7;MAR13 Futures ;22183,0000;22.03.2013 02:53;00033e1c.00012f31.514a9d95.0001;OVL HSI I1 LS;DU19844;SLD;HSI;HKFE;HSI
7;MAR13 Futures ;22125,5710;22.03.2013 02:53;00033e1c.00012f31.514a9d96.0001;OVL HSI I1 S;DU19844;SLD;HSI;HKFE;HSI
7;MAR13 Futures ;22144,5710;22.03.2013 09:12;00033e1c.00012f31.514bedd0.0001;OVL HSI I1 S;DU19844;BOT;HSI;HKFE;HSI
1;APR13 Futures ;14,7500;22.03.2013 13:00;00033e1c.00012f31.514a9d91.0001;VIX 1;DU19844;SLD;VIX;CFE;VIX
1;APR13 Futures ;14,6000;22.03.2013 14:00;00033e1c.00012f31.514bee65.0001;VIX 1;DU19844;SLD;VIX;CFE;VIX
1;APR13 Futures ;15,0500;22.03.2013 20:20;00033e1c.00012f31.514bee6a.0001;VIX 1;DU19844;BOT;VIX;CFE;VIX
1;APR13 Futures ;14,6000;22.03.2013 14:07;00033e1c.00012f31.514bee67.0001;VIX 2;DU19844;SLD;VIX;CFE;VIX
1;APR13 Futures ;15,0500;22.03.2013 20:20;00033e1c.00012f31.514bee6e.0001;VIX 2;DU19844;BOT;VIX;CFE;VIX
1;APR13 Futures ;14,5500;25.03.2013 14:35;00033e1c.00012f31.514fe20e.0001;VIX 2;DU19844;BOT;VIX;CFE;VIX
1;APR13 Futures ;14,2000;25.03.2013 15:00;00033e1c.00012f31.514fe218.0001;VIX 2;DU19844;SLD;VIX;CFE;VIX
1;APR13 Futures ;14,3500;25.03.2013 14:00;00033e1c.00012f31.514fe20d.0001;VIX 1;DU19844;SLD;VIX;CFE;VIX
1;APR13 Futures ;14,5500;25.03.2013 14:35;00033e1c.00012f31.514fe20c.0001;VIX 1;DU19844;BOT;VIX;CFE;VIX
1;MAR13 Futures ;22248,0000;25.03.2013 09:12;00033e1c.00012f31.514fe1d2.0001;OVL HSI I1 S;DU19844;BOT;HSI;HKFE;HSI
6;MAR13 Futures ;22250,0000;25.03.2013 09:12;00033e1c.00012f31.514fe1d5.0001;OVL HSI I1 S;DU19844;BOT;HSI;HKFE;HSI
7;MAR13 Futures ;22170,0000;25.03.2013 07:59;00033e1c.00012f31.514fe1a6.0001;OVL HSI I1 S;DU19844;SLD;HSI;HKFE;HSI
7;MAR13 Futures ;22217,8570;25.03.2013 07:59;00033e1c.00012f31.514fe1a5.0001;OVL HSI I1 LS;DU19844;SLD;HSI;HKFE;HSI
31;JUN13 Futures ;2638,0000;25.03.2013 13:44;00033e1c.00012f31.514fe1af.0001;MCM ESTX B 50% S;DU19844;SLD;ESTX50;DTB;ESTX50
31;JUN13 Futures ;2586,0000;25.03.2013 21:56;00033e1c.00012f31.514fe25b.0001;MCM ESTX B 50% S;DU19844;BOT;ESTX50;DTB;ESTX50
19;JUN13 Futures ;2652,0000;25.03.2013 08:34;00033e1c.00012f31.514fe1ae.0001;MCM ESTX B 30% L;DU19844;BOT;ESTX50;DTB;ESTX50
19;JUN13 Futures ;2610,0000;25.03.2013 15:42;00033e1c.00012f31.514fe1ce.0001;MCM ESTX B 30% L;DU19844;SLD;ESTX50;DTB;ESTX50
89;JUN13 Futures ;1552,5000;25.03.2013 15:41;00033e1c.00012f31.514fe221.0001;MCM ES B 30% S;DU19844;SLD;ES;GLOBEX;ES
89;JUN13 Futures ;1548,0000;25.03.2013 22:10;00033e1c.00012f31.514fe26b.0001;MCM ES B 30% S;DU19844;BOT;ES;GLOBEX;ES
6;JUN13 Futures ;8004,0000;25.03.2013 08:01;00033e1c.00012f31.514fe1b5.0001;MCM DAX B 50% S;DU19844;SLD;DAX;DTB;DAX
6;JUN13 Futures ;7898,5000;25.03.2013 21:55;00033e1c.00012f31.514fe258.0001;MCM DAX B 50% S;DU19844;BOT;DAX;DTB;DAX
4;JUN13 Futures ;8025,0000;25.03.2013 10:14;00033e1c.00012f31.514fe1cf.0001;MCM DAX B 30% L;DU19844;BOT;DAX;DTB;DAX
4;JUN13 Futures ;7882,2500;25.03.2013 16:18;00033e1c.00012f31.514fe1ed.0001;MCM DAX B 30% L;DU19844;SLD;DAX;DTB;DAX
9;APR13 Futures ;3816,0000;25.03.2013 09:31;00033e1c.00012f31.514fe1b1.0001;MCM CAC B 50% S;DU19844;SLD;CAC40;MONEP;CAC40
9;APR13 Futures ;3734,0000;25.03.2013 21:56;00033e1c.00012f31.514fe263.0001;MCM CAC B 50% S;DU19844;BOT;CAC40;MONEP;CAC40
6;APR13 Futures ;3827,5000;25.03.2013 08:02;00033e1c.00012f31.514fe1b0.0001;MCM CAC B 30% L;DU19844;BOT;CAC40;MONEP;CAC40
6;APR13 Futures ;3761,5000;25.03.2013 15:46;00033e1c.00012f31.514fe1bf.0001;MCM CAC B 30% L;DU19844;SLD;CAC40;MONEP;CAC40
1;JUN13 Futures ;2643,0000;25.03.2013 13:40;00033e1c.00012f31.514fe1ad.0001;ESTX S;DU19844;SLD;ESTX50;DTB;ESTX50
1;JUN13 Futures ;2586,0000;25.03.2013 21:55;00033e1c.00012f31.514fe25a.0001;ESTX S;DU19844;BOT;ESTX50;DTB;ESTX50
1;JUN13 Futures ;2646,0000;25.03.2013 09:31;00033e1c.00012f31.514fe1ac.0001;ESTX L;DU19844;BOT;ESTX50;DTB;ESTX50
1;JUN13 Futures ;2610,0000;25.03.2013 15:42;00033e1c.00012f31.514fe1e2.0001;ESTX L;DU19844;SLD;ESTX50;DTB;ESTX50
2;MAY13 Futures ;95,0600;25.03.2013 15:00;00033e1c.00012f31.514fe1a0.0001;CL s->m 4. Long;DU19844;BOT;CL;NYMEX;CL
2;MAY13 Futures ;94,3500;25.03.2013 17:03;00033e1c.00012f31.514fe220.0001;CL s->m 4. Long;DU19844;SLD;CL;NYMEX;CL
2;MAY13 Futures ;94,8600;25.03.2013 14:48;00033e1c.00012f31.514fe19f.0001;CL s->m 2. Long;DU19844;BOT;CL;NYMEX;CL
2;MAY13 Futures ;94,3500;25.03.2013 17:03;00033e1c.00012f31.514fe21b.0001;CL s->m 2. Long;DU19844;SLD;CL;NYMEX;CL
1;APR13 Futures ;3834,5000;25.03.2013 10:15;00033e1c.00012f31.514fe1d0.0001;CAC X C1 A2;DU19844;BOT;CAC40;MONEP;CAC40
1;APR13 Futures ;3792,0000;25.03.2013 14:12;00033e1c.00012f31.514fe1d1.0001;CAC X C1 A2;DU19844;SLD;CAC40;MONEP;CAC40
9;JUN13 Futures ;144,7000;25.03.2013 21:56;00033e1c.00012f31.514fe266.0001;5295 /DAXESTX PO/4/L2;DU19844;SLD;GBL;DTB;GBL
7;JUN13 Futures ;144,7000;25.03.2013 21:52;00033e1c.00012f31.514fe255.0001;5294 /DAXESTX PO/3/L2;DU19844;SLD;GBL;DTB;GBL
7;JUN13 Futures ;144,7200;25.03.2013 21:48;00033e1c.00012f31.514fe24e.0001;5293 /DAXESTX PO/2/L2;DU19844;SLD;GBL;DTB;GBL
7;JUN13 Futures ;144,7300;25.03.2013 21:43;00033e1c.00012f31.514fe249.0001;5292 /DAXESTX PO/1/L2;DU19844;SLD;GBL;DTB;GBL
7;MAR13 Futures ;22272,1430;25.03.2013 09:13;00033e1c.00012f31.514fe1da.0001;5282 /Z TEST/1/L2;DU19844;BOT;HSI;HKFE;HSI
45;JUN13 Futures ;143,9600;25.03.2013 08:12;00033e1c.00012f31.514fe1b9.0001;$BND m->s S3;DU19844;SLD;GBL;DTB;GBL
45;JUN13 Futures ;143,9700;25.03.2013 08:20;00033e1c.00012f31.514fe1c5.0001;$BND m->s S3;DU19844;BOT;GBL;DTB;GBL
45;JUN13 Futures ;143,9600;25.03.2013 08:12;00033e1c.00012f31.514fe1b8.0001;$BND m->s L2_S3;DU19844;SLD;GBL;DTB;GBL
45;JUN13 Futures ;143,9700;25.03.2013 08:20;00033e1c.00012f31.514fe1c8.0001;$BND m->s L2_S3;DU19844;BOT;GBL;DTB;GBL
45;JUN13 Futures ;144,6600;25.03.2013 15:46;00033e1c.00012f31.514fe1cc.0001;$BND m->s L2;DU19844;BOT;GBL;DTB;GBL
1;APR13 Futures ;14,5000;26.03.2013 15:44;00033e1c.00012f31.515133eb.0001;VIX 2;DU19844;SLD;VIX;CFE;VIX
1;APR13 Futures ;14,4000;26.03.2013 14:00;00033e1c.00012f31.515133e9.0001;VIX 1;DU19844;SLD;VIX;CFE;VIX
7;MAR13 Futures ;22076,0000;26.03.2013 02:57;00033e1c.00012f31.514fe271.0001;OVL HSI I1 S;DU19844;SLD;HSI;HKFE;HSI
7;MAR13 Futures ;22276,0000;26.03.2013 09:12;00033e1c.00012f31.5151337c.0001;OVL HSI I1 S;DU19844;BOT;HSI;HKFE;HSI
7;MAR13 Futures ;22132,5710;26.03.2013 02:57;00033e1c.00012f31.514fe270.0001;OVL HSI I1 LS;DU19844;SLD;HSI;HKFE;HSI
7;MAR13 Futures ;22270,0000;26.03.2013 07:06;00033e1c.00012f31.514fe26f.0001;OVL HSI I1 LS;DU19844;BOT;HSI;HKFE;HSI
7;MAR13 Futures ;22241,2860;26.03.2013 07:06;00033e1c.00012f31.514fe26e.0001;OVL HSI I1 L;DU19844;BOT;HSI;HKFE;HSI
53;JUN13 Futures ;1552,2500;26.03.2013 15:50;00033e1c.00012f31.51513406.0001;MCM ES B 50% L;DU19844;BOT;ES;GLOBEX;ES
53;JUN13 Futures ;1558,0000;26.03.2013 22:10;00033e1c.00012f31.51513423.0001;MCM ES B 50% L;DU19844;SLD;ES;GLOBEX;ES
6;JUN13 Futures ;7884,5000;26.03.2013 09:10;00033e1c.00012f31.5151334e.0001;MCM DAX B 50% S;DU19844;SLD;DAX;DTB;DAX
6;JUN13 Futures ;7911,0000;26.03.2013 21:55;00033e1c.00012f31.51513412.0001;MCM DAX B 50% S;DU19844;BOT;DAX;DTB;DAX
1;JUN13 Futures ;2566,0000;26.03.2013 13:00;00033e1c.00012f31.51513348.0001;ESTX S;DU19844;SLD;ESTX50;DTB;ESTX50
1;JUN13 Futures ;2582,0000;26.03.2013 21:59;00033e1c.00012f31.51513415.0001;ESTX S;DU19844;BOT;ESTX50;DTB;ESTX50
1;JUN13 Futures ;2597,0000;26.03.2013 08:25;00033e1c.00012f31.51513347.0001;ESTX L;DU19844;BOT;ESTX50;DTB;ESTX50
1;JUN13 Futures ;2582,0000;26.03.2013 21:55;00033e1c.00012f31.51513414.0001;ESTX L;DU19844;SLD;ESTX50;DTB;ESTX50
2;MAY13 Futures ;96,3100;26.03.2013 19:24;00033e1c.00012f31.51513357.0001;CL s->m 2. Long;DU19844;BOT;CL;NYMEX;CL
2;MAY13 Futures ;96,1900;26.03.2013 22:00;00033e1c.00012f31.5151341e.0001;CL s->m 2. Long;DU19844;SLD;CL;NYMEX;CL
2;MAR13 Futures ;22203,0000;26.03.2013 09:13;00033e1c.00012f31.51513385.0001;5304 /Z TEST/3/L2;DU19844;SLD;HSI;HKFE;HSI
3;MAR13 Futures ;22225,3330;26.03.2013 09:13;00033e1c.00012f31.51513383.0001;5303 /Z TEST/2/L2;DU19844;SLD;HSI;HKFE;HSI
2;MAR13 Futures ;22238,5000;26.03.2013 09:13;00033e1c.00012f31.51513389.0001;5302 /Z TEST/1/L2;DU19844;SLD;HSI;HKFE;HSI
45;JUN13 Futures ;144,9000;27.03.2013 08:01;00033e1c.00012f31.5152850b.0001;$BND m->s L2_S3;DU19844;SLD;GBL;DTB;GBL
45;JUN13 Futures ;144,9900;27.03.2013 08:43;00033e1c.00012f31.5152852c.0001;$BND m->s L2_S3;DU19844;BOT;GBL;DTB;GBL
45;JUN13 Futures ;144,9000;27.03.2013 08:01;00033e1c.00012f31.5152850c.0001;$BND m->s S3;DU19844;SLD;GBL;DTB;GBL
45;JUN13 Futures ;144,9900;27.03.2013 08:43;00033e1c.00012f31.5152852e.0001;$BND m->s S3;DU19844;BOT;GBL;DTB;GBL
2;MAR13 Futures ;22447,0000;27.03.2013 09:13;00033e1c.00012f31.51528549.0001;5312 /Z TEST/1/L2;DU19844;SLD;HSI;HKFE;HSI
3;MAR13 Futures ;22447,0000;27.03.2013 09:13;00033e1c.00012f31.51528546.0001;5313 /Z TEST/2/L2;DU19844;SLD;HSI;HKFE;HSI
5;MAR13 Futures ;22447,0000;27.03.2013 09:09;00033e1c.00012f31.5152853f.0001;5314 /Z TEST/3/L1;DU19844;SLD;HSI;HKFE;HSI
4;MAR13 Futures ;22447,0000;27.03.2013 09:07;00033e1c.00012f31.5152853c.0001;5315 /Z TEST/4/L1;DU19844;SLD;HSI;HKFE;HSI
1;APR13 Futures ;3715,0000;27.03.2013 17:28;00033e1c.00012f31.51528640.0001;5322 /Z TEST/1/L2;DU19844;BOT;CAC40;MONEP;CAC40
1;APR13 Futures ;3761,5000;27.03.2013 09:04;00033e1c.00012f31.51528536.0001;CAC X C1 A2;DU19844;SLD;CAC40;MONEP;CAC40
1;JUN13 Futures ;2588,0000;27.03.2013 08:05;00033e1c.00012f31.51528503.0001;ESTX L;DU19844;BOT;ESTX50;DTB;ESTX50
1;JUN13 Futures ;2538,0000;27.03.2013 11:26;00033e1c.00012f31.51528516.0001;ESTX L;DU19844;SLD;ESTX50;DTB;ESTX50
1;JUN13 Futures ;2566,0000;27.03.2013 09:24;00033e1c.00012f31.51528504.0001;ESTX S;DU19844;SLD;ESTX50;DTB;ESTX50
1;JUN13 Futures ;2555,0000;27.03.2013 21:55;00033e1c.00012f31.5152865c.0001;ESTX S;DU19844;BOT;ESTX50;DTB;ESTX50
9;APR13 Futures ;3761,0000;27.03.2013 08:39;00033e1c.00012f31.51528508.0001;MCM CAC B 50% S;DU19844;SLD;CAC40;MONEP;CAC40
9;APR13 Futures ;3720,0000;27.03.2013 21:50;00033e1c.00012f31.5152864d.0001;MCM CAC B 50% S;DU19844;BOT;CAC40;MONEP;CAC40
6;JUN13 Futures ;7843,0000;27.03.2013 10:24;00033e1c.00012f31.5152850a.0001;MCM DAX B 50% S;DU19844;SLD;DAX;DTB;DAX
53;JUN13 Futures ;1552,5000;27.03.2013 15:41;00033e1c.00012f31.5152860a.0001;MCM ES B 50% L;DU19844;BOT;ES;GLOBEX;ES
53;JUN13 Futures ;1557,0000;27.03.2013 22:10;00033e1c.00012f31.51528664.0001;MCM ES B 50% L;DU19844;SLD;ES;GLOBEX;ES
31;JUN13 Futures ;2565,0000;27.03.2013 09:24;00033e1c.00012f31.51528519.0001;MCM ESTX B 50% S;DU19844;SLD;ESTX50;DTB;ESTX50
31;JUN13 Futures ;2555,0000;27.03.2013 21:55;00033e1c.00012f31.5152865e.0001;MCM ESTX B 50% S;DU19844;BOT;ESTX50;DTB;ESTX50
7;MAR13 Futures ;22554,0000;27.03.2013 02:46;00033e1c.00012f31.51513428.0001;OVL HSI I1 L;DU19844;BOT;HSI;HKFE;HSI
7;MAR13 Futures ;22544,4290;27.03.2013 02:46;00033e1c.00012f31.51513429.0001;OVL HSI I1 LS;DU19844;BOT;HSI;HKFE;HSI
1;APR13 Futures ;14,5500;27.03.2013 13:00;00033e1c.00012f31.51513426.0001;VIX 1;DU19844;BOT;VIX;CFE;VIX
1;APR13 Futures ;14,5500;27.03.2013 14:04;00033e1c.00012f31.515285d9.0001;VIX 1;DU19844;SLD;VIX;CFE;VIX
1;APR13 Futures ;14,6500;27.03.2013 14:16;00033e1c.00012f31.515285d8.0001;VIX 1;DU19844;BOT;VIX;CFE;VIX
1;APR13 Futures ;14,5500;27.03.2013 14:04;00033e1c.00012f31.515285db.0001;VIX 2;DU19844;SLD;VIX;CFE;VIX
12;JUN13 Futures ;145,4100;28.03.2013 21:59;00033e1c.00012f31.5153d792.0001;$BND m->s S3;DU19844;BOT;GBL;DTB;GBL
33;JUN13 Futures ;145,4000;28.03.2013 21:59;00033e1c.00012f31.5153d78b.0001;$BND m->s S3;DU19844;BOT;GBL;DTB;GBL
45;JUN13 Futures ;145,6400;28.03.2013 08:01;00033e1c.00012f31.5153d664.0001;$BND m->s S3;DU19844;SLD;GBL;DTB;GBL
1;APR13 Futures ;3700,5000;28.03.2013 09:59;00033e1c.00012f31.5153d680.0001;CAC X C1 A2;DU19844;SLD;CAC40;MONEP;CAC40
2;MAY13 Futures ;96,8300;28.03.2013 08:06;00033e1c.00012f31.5153d663.0001;CL s->m 3. Short;DU19844;SLD;CL;NYMEX;CL
2;MAY13 Futures ;96,8300;28.03.2013 08:06;00033e1c.00012f31.5153d660.0001;CL s->m 4. Short;DU19844;SLD;CL;NYMEX;CL
8;JUN13 Futures ;1,2836;28.03.2013 14:55;00033e1c.00012f31.5153d6ce.0001;EC 123 L2_select;DU19844;BOT;EUR;GLOBEX;EUR
8;JUN13 Futures ;1,2827;28.03.2013 19:10;00033e1c.00012f31.5153d77b.0001;EC 123 L2_select;DU19844;SLD;EUR;GLOBEX;EUR
8;JUN13 Futures ;1,2836;28.03.2013 14:55;00033e1c.00012f31.5153d6cf.0001;EC 123 L3_select;DU19844;BOT;EUR;GLOBEX;EUR
8;JUN13 Futures ;1,2827;28.03.2013 19:10;00033e1c.00012f31.5153d77d.0001;EC 123 L3_select;DU19844;SLD;EUR;GLOBEX;EUR
8;JUN13 Futures ;1,2782;28.03.2013 10:45;00033e1c.00012f31.5153d6d0.0001;EC 123 L4_all;DU19844;BOT;EUR;GLOBEX;EUR
8;JUN13 Futures ;1,2827;28.03.2013 19:10;00033e1c.00012f31.5153d77e.0001;EC 123 L4_all;DU19844;SLD;EUR;GLOBEX;EUR
1;JUN13 Futures ;2556,0000;28.03.2013 09:12;00033e1c.00012f31.5153d65a.0001;ESTX L;DU19844;BOT;ESTX50;DTB;ESTX50
1;JUN13 Futures ;2567,0000;28.03.2013 21:59;00033e1c.00012f31.5153d78f.0001;ESTX L;DU19844;SLD;ESTX50;DTB;ESTX50
89;JUN13 Futures ;1558,2500;28.03.2013 15:30;00033e1c.00012f31.5153d768.0001;MCM ES B 30% S;DU19844;SLD;ES;GLOBEX;ES
89;JUN13 Futures ;1563,7500;28.03.2013 22:12;00033e1c.00012f31.5153d79c.0001;MCM ES B 30% S;DU19844;BOT;ES;GLOBEX;ES
19;JUN13 Futures ;2573,0000;28.03.2013 12:53;00033e1c.00012f31.5153d658.0001;MCM ESTX B 30% L;DU19844;BOT;ESTX50;DTB;ESTX50
19;JUN13 Futures ;2567,0000;28.03.2013 21:59;00033e1c.00012f31.5153d791.0001;MCM ESTX B 30% L;DU19844;SLD;ESTX50;DTB;ESTX50
1;APR13 Futures ;14,1500;28.03.2013 21:14;00033e1c.00012f31.5153d732.0001;VIX 1;DU19844;SLD;VIX;CFE;VIX
1;APR13 Futures ;14,0000;28.03.2013 13:00;00033e1c.00012f31.51528667.0001;VIX 2;DU19844;BOT;VIX;CFE;VIX
1;APR13 Futures ;14,2500;04.04.2013 15:51;00033e1c.00012f31.515d041d.0001;VIX 2;DU19844;SLD;VIX;CFE;VIX
1;APR13 Futures ;14,7000;04.04.2013 16:27;00033e1c.00012f31.515d04cc.0001;VIX 2;DU19844;BOT;VIX;CFE;VIX
1;APR13 Futures ;14,5500;04.04.2013 14:49;00033e1c.00012f31.515d041a.0001;VIX 1;DU19844;BOT;VIX;CFE;VIX
1;APR13 Futures ;14,2500;04.04.2013 15:51;00033e1c.00012f31.515d041b.0001;VIX 1;DU19844;SLD;VIX;CFE;VIX
31;JUN13 Futures ;2577,0000;04.04.2013 09:24;00033e1c.00012f31.515d032b.0001;MCM ESTX B 50% S;DU19844;SLD;ESTX50;DTB;ESTX50
31;JUN13 Futures ;2564,0000;04.04.2013 21:55;00033e1c.00012f31.515d0592.0001;MCM ESTX B 50% S;DU19844;BOT;ESTX50;DTB;ESTX50
19;JUN13 Futures ;2588,0000;04.04.2013 08:07;00033e1c.00012f31.515d032a.0001;MCM ESTX B 30% L;DU19844;BOT;ESTX50;DTB;ESTX50
19;JUN13 Futures ;2555,0000;04.04.2013 16:27;00033e1c.00012f31.515d0332.0001;MCM ESTX B 30% L;DU19844;SLD;ESTX50;DTB;ESTX50
53;JUN13 Futures ;1553,0000;04.04.2013 15:44;00033e1c.00012f31.515d0465.0001;MCM ES B 50% L;DU19844;BOT;ES;GLOBEX;ES
53;JUN13 Futures ;1554,5000;04.04.2013 22:10;00033e1c.00012f31.515d05ab.0001;MCM ES B 50% L;DU19844;SLD;ES;GLOBEX;ES
2;JUN13 Futures ;7841,0000;04.04.2013 21:55;00033e1c.00012f31.515d0590.0001;MCM DAX B 50% S;DU19844;BOT;DAX;DTB;DAX
4;JUN13 Futures ;7841,0000;04.04.2013 21:55;00033e1c.00012f31.515d059a.0001;MCM DAX B 50% S;DU19844;BOT;DAX;DTB;DAX
6;JUN13 Futures ;7874,5000;04.04.2013 14:47;00033e1c.00012f31.515d0329.0001;MCM DAX B 50% S;DU19844;SLD;DAX;DTB;DAX
4;JUN13 Futures ;7911,5000;04.04.2013 08:00;00033e1c.00012f31.515d0309.0001;MCM DAX B 30% L;DU19844;BOT;DAX;DTB;DAX
4;JUN13 Futures ;7842,0000;04.04.2013 21:56;00033e1c.00012f31.515d058e.0001;MCM DAX B 30% L;DU19844;SLD;DAX;DTB;DAX
9;APR13 Futures ;3747,0000;04.04.2013 14:50;00033e1c.00012f31.515d032c.0001;MCM CAC B 50% S;DU19844;SLD;CAC40;MONEP;CAC40
9;APR13 Futures ;3730,0000;04.04.2013 21:50;00033e1c.00012f31.515d058b.0001;MCM CAC B 50% S;DU19844;BOT;CAC40;MONEP;CAC40
6;APR13 Futures ;3765,5000;04.04.2013 08:01;00033e1c.00012f31.515d030f.0001;MCM CAC B 30% L;DU19844;BOT;CAC40;MONEP;CAC40
6;APR13 Futures ;3720,5000;04.04.2013 17:08;00033e1c.00012f31.515d0318.0001;MCM CAC B 30% L;DU19844;SLD;CAC40;MONEP;CAC40
1;JUN13 Futures ;2577,0000;04.04.2013 09:24;00033e1c.00012f31.515d030c.0001;ESTX S;DU19844;SLD;ESTX50;DTB;ESTX50
1;JUN13 Futures ;2564,0000;04.04.2013 21:55;00033e1c.00012f31.515d0591.0001;ESTX S;DU19844;BOT;ESTX50;DTB;ESTX50
1;JUN13 Futures ;2588,0000;04.04.2013 08:07;00033e1c.00012f31.515d030b.0001;ESTX L;DU19844;BOT;ESTX50;DTB;ESTX50
1;JUN13 Futures ;2555,0000;04.04.2013 16:27;00033e1c.00012f31.515d0331.0001;ESTX L;DU19844;SLD;ESTX50;DTB;ESTX50
15;JUN13 Futures ;1557,2500;04.04.2013 16:02;00033e1c.00012f31.515d046f.0001;ES 123 L2 select;DU19844;BOT;ES;GLOBEX;ES
15;JUN13 Futures ;1554,5000;04.04.2013 22:10;00033e1c.00012f31.515d05a9.0001;ES 123 L2 select;DU19844;SLD;ES;GLOBEX;ES
8;JUN13 Futures ;1,2794;04.04.2013 11:12;00033e1c.00012f31.515d0389.0001;EC 123 S4_select;DU19844;SLD;EUR;GLOBEX;EUR
8;JUN13 Futures ;1,2801;04.04.2013 11:19;00033e1c.00012f31.515d0396.0001;EC 123 S4_select;DU19844;BOT;EUR;GLOBEX;EUR
8;JUN13 Futures ;1,2780;04.04.2013 14:39;00033e1c.00012f31.515d0399.0001;EC 123 S4_select;DU19844;SLD;EUR;GLOBEX;EUR
8;JUN13 Futures ;1,2883;04.04.2013 16:03;00033e1c.00012f31.515d0419.0001;EC 123 S4_select;DU19844;BOT;EUR;GLOBEX;EUR
8;JUN13 Futures ;1,2840;04.04.2013 13:45;00033e1c.00012f31.515d039c.0001;EC 123 L4_all;DU19844;BOT;EUR;GLOBEX;EUR
8;JUN13 Futures ;1,2825;04.04.2013 14:13;00033e1c.00012f31.515d03f8.0001;EC 123 L4_all;DU19844;SLD;EUR;GLOBEX;EUR
8;JUN13 Futures ;1,2823;04.04.2013 13:42;00033e1c.00012f31.515d039b.0001;EC 123 L3_select;DU19844;BOT;EUR;GLOBEX;EUR
8;JUN13 Futures ;1,2825;04.04.2013 14:13;00033e1c.00012f31.515d03f7.0001;EC 123 L3_select;DU19844;SLD;EUR;GLOBEX;EUR
8;JUN13 Futures ;1,2823;04.04.2013 13:42;00033e1c.00012f31.515d039a.0001;EC 123 L2_select;DU19844;BOT;EUR;GLOBEX;EUR
8;JUN13 Futures ;1,2825;04.04.2013 14:13;00033e1c.00012f31.515d03f5.0001;EC 123 L2_select;DU19844;SLD;EUR;GLOBEX;EUR
2;MAY13 Futures ;92,2800;04.04.2013 19:36;00033e1c.00012f31.515d03ac.0001;CL s->m 4. Short;DU19844;SLD;CL;NYMEX;CL
2;MAY13 Futures ;93,3700;04.04.2013 22:00;00033e1c.00012f31.515d05a5.0001;CL s->m 4. Short;DU19844;BOT;CL;NYMEX;CL
2;MAY13 Futures ;92,8800;04.04.2013 15:17;00033e1c.00012f31.515d03ab.0001;CL s->m 3. Short;DU19844;SLD;CL;NYMEX;CL
2;MAY13 Futures ;93,3700;04.04.2013 22:00;00033e1c.00012f31.515d05a3.0001;CL s->m 3. Short;DU19844;BOT;CL;NYMEX;CL
1;APR13 Futures ;3747,0000;04.04.2013 14:50;00033e1c.00012f31.515d033c.0001;CAC X C1 A2;DU19844;SLD;CAC40;MONEP;CAC40
1;APR13 Futures ;3725,0000;04.04.2013 17:28;00033e1c.00012f31.515d0519.0001;5332 /Z TEST/1/L2;DU19844;BOT;CAC40;MONEP;CAC40
45;JUN13 Futures ;145,5700;04.04.2013 08:01;00033e1c.00012f31.515d0317.0001;$BND m->s S3;DU19844;SLD;GBL;DTB;GBL
45;JUN13 Futures ;145,4700;04.04.2013 11:27;00033e1c.00012f31.515d03a3.0001;$BND m->s S3;DU19844;BOT;GBL;DTB;GBL
1;APR13 Futures ;14,7500;05.04.2013 14:00;00033e1c.00012f31.515e5596.0001;VIX 2;DU19844;BOT;VIX;CFE;VIX
1;APR13 Futures ;14,3000;05.04.2013 21:56;00033e1c.00012f31.515e559e.0001;VIX 2;DU19844;SLD;VIX;CFE;VIX
1;APR13 Futures ;14,7000;05.04.2013 14:00;00033e1c.00012f31.515e5594.0001;VIX 1;DU19844;BOT;VIX;CFE;VIX
1;APR13 Futures ;14,3000;05.04.2013 22:10;00033e1c.00012f31.515e563d.0001;VIX 1;DU19844;SLD;VIX;CFE;VIX
31;JUN13 Futures ;2525,0000;05.04.2013 12:37;00033e1c.00012f31.515e547b.0001;MCM ESTX B 50% S;DU19844;SLD;ESTX50;DTB;ESTX50
31;JUN13 Futures ;2528,0000;05.04.2013 21:55;00033e1c.00012f31.515e562f.0001;MCM ESTX B 50% S;DU19844;BOT;ESTX50;DTB;ESTX50
53;JUN13 Futures ;1544,0000;05.04.2013 20:37;00033e1c.00012f31.515e55e8.0001;MCM ES B 50% L;DU19844;BOT;ES;GLOBEX;ES
53;JUN13 Futures ;1546,7500;05.04.2013 22:10;00033e1c.00012f31.515e5640.0001;MCM ES B 50% L;DU19844;SLD;ES;GLOBEX;ES
6;JUN13 Futures ;7732,9170;05.04.2013 11:52;00033e1c.00012f31.515e5473.0001;MCM DAX B 50% S;DU19844;SLD;DAX;DTB;DAX
6;JUN13 Futures ;7678,0000;05.04.2013 21:55;00033e1c.00012f31.515e562c.0001;MCM DAX B 50% S;DU19844;BOT;DAX;DTB;DAX
9;APR13 Futures ;3684,0000;05.04.2013 12:20;00033e1c.00012f31.515e547d.0001;MCM CAC B 50% S;DU19844;SLD;CAC40;MONEP;CAC40
9;APR13 Futures ;3675,0000;05.04.2013 21:55;00033e1c.00012f31.515e5629.0001;MCM CAC B 50% S;DU19844;BOT;CAC40;MONEP;CAC40
1;JUN13 Futures ;2531,0000;05.04.2013 12:21;00033e1c.00012f31.515e5475.0001;ESTX S;DU19844;SLD;ESTX50;DTB;ESTX50
1;JUN13 Futures ;2528,0000;05.04.2013 21:55;00033e1c.00012f31.515e562e.0001;ESTX S;DU19844;BOT;ESTX50;DTB;ESTX50
1;JUN13 Futures ;2556,0000;05.04.2013 08:01;00033e1c.00012f31.515e5474.0001;ESTX L;DU19844;BOT;ESTX50;DTB;ESTX50
1;JUN13 Futures ;2519,0000;05.04.2013 12:37;00033e1c.00012f31.515e5481.0001;ESTX L;DU19844;SLD;ESTX50;DTB;ESTX50
15;JUN13 Futures ;1546,7500;05.04.2013 21:42;00033e1c.00012f31.515e5608.0001;ES 123 L2 select;DU19844;BOT;ES;GLOBEX;ES
15;JUN13 Futures ;1546,7500;05.04.2013 22:10;00033e1c.00012f31.515e563f.0001;ES 123 L2 select;DU19844;SLD;ES;GLOBEX;ES
8;JUN13 Futures ;1,3032;05.04.2013 14:33;00033e1c.00012f31.515e54cb.0001;EC 123 L3_select;DU19844;BOT;EUR;GLOBEX;EUR
8;JUN13 Futures ;1,3021;05.04.2013 20:50;00033e1c.00012f31.515e5622.0001;EC 123 L3_select;DU19844;SLD;EUR;GLOBEX;EUR
8;JUN13 Futures ;1,3032;05.04.2013 14:33;00033e1c.00012f31.515e54ca.0001;EC 123 L2_select;DU19844;BOT;EUR;GLOBEX;EUR
8;JUN13 Futures ;1,3021;05.04.2013 20:50;00033e1c.00012f31.515e5620.0001;EC 123 L2_select;DU19844;SLD;EUR;GLOBEX;EUR
2;MAY13 Futures ;93,0400;05.04.2013 08:21;00033e1c.00012f31.515e5479.0001;CL s->m 4. Short;DU19844;SLD;CL;NYMEX;CL
2;MAY13 Futures ;93,0800;05.04.2013 08:41;00033e1c.00012f31.515e54a0.0001;CL s->m 4. Short;DU19844;BOT;CL;NYMEX;CL
2;MAY13 Futures ;93,0500;05.04.2013 08:21;00033e1c.00012f31.515e5477.0001;CL s->m 3. Short;DU19844;SLD;CL;NYMEX;CL
2;MAY13 Futures ;93,0800;05.04.2013 08:41;00033e1c.00012f31.515e549e.0001;CL s->m 3. Short;DU19844;BOT;CL;NYMEX;CL
1;APR13 Futures ;14,2500;08.04.2013 15:21;00033e1c.00012f31.516248b9.0001;VIX 2;DU19844;BOT;VIX;CFE;VIX
1;APR13 Futures ;13,8000;08.04.2013 20:17;00033e1c.00012f31.516248c1.0001;VIX 2;DU19844;SLD;VIX;CFE;VIX
1;APR13 Futures ;14,2500;08.04.2013 15:21;00033e1c.00012f31.516248b7.0001;VIX 1;DU19844;BOT;VIX;CFE;VIX
1;APR13 Futures ;13,8000;08.04.2013 20:17;00033e1c.00012f31.516248bf.0001;VIX 1;DU19844;SLD;VIX;CFE;VIX
53;JUN13 Futures ;1549,0000;08.04.2013 19:43;00033e1c.00012f31.516248c6.0001;MCM ES B 50% L;DU19844;BOT;ES;GLOBEX;ES
53;JUN13 Futures ;1560,2500;08.04.2013 22:10;00033e1c.00012f31.51624943.0001;MCM ES B 50% L;DU19844;SLD;ES;GLOBEX;ES
89;JUN13 Futures ;1546,7500;08.04.2013 15:32;00033e1c.00012f31.516248c5.0001;MCM ES B 30% S;DU19844;SLD;ES;GLOBEX;ES
89;JUN13 Futures ;1560,0000;08.04.2013 22:10;00033e1c.00012f31.51624942.0001;MCM ES B 30% S;DU19844;BOT;ES;GLOBEX;ES
15;JUN13 Futures ;1555,7500;08.04.2013 21:41;00033e1c.00012f31.516248c9.0001;ES 123 L3 select;DU19844;BOT;ES;GLOBEX;ES
15;JUN13 Futures ;1560,2500;08.04.2013 22:10;00033e1c.00012f31.51624941.0001;ES 123 L3 select;DU19844;SLD;ES;GLOBEX;ES
15;JUN13 Futures ;1553,2500;08.04.2013 20:11;00033e1c.00012f31.516248c8.0001;ES 123 L2 select;DU19844;BOT;ES;GLOBEX;ES
15;JUN13 Futures ;1560,2500;08.04.2013 22:10;00033e1c.00012f31.5162493f.0001;ES 123 L2 select;DU19844;SLD;ES;GLOBEX;ES
8;JUN13 Futures ;1,3036;08.04.2013 13:05;00033e1c.00012f31.516248a3.0001;EC 123 L3_select;DU19844;BOT;EUR;GLOBEX;EUR
8;JUN13 Futures ;1,3015;08.04.2013 20:50;00033e1c.00012f31.51624926.0001;EC 123 L3_select;DU19844;SLD;EUR;GLOBEX;EUR
8;JUN13 Futures ;1,3020;08.04.2013 10:20;00033e1c.00012f31.516248a2.0001;EC 123 L2_select;DU19844;BOT;EUR;GLOBEX;EUR
8;JUN13 Futures ;1,3015;08.04.2013 20:50;00033e1c.00012f31.51624924.0001;EC 123 L2_select;DU19844;SLD;EUR;GLOBEX;EUR
2;MAY13 Futures ;93,7400;08.04.2013 13:27;00033e1c.00012f31.516248a6.0001;CL s->m 2. Long;DU19844;BOT;CL;NYMEX;CL
2;MAY13 Futures ;93,5600;08.04.2013 22:00;00033e1c.00012f31.5162493c.0001;CL s->m 2. Long;DU19844;SLD;CL;NYMEX;CL
31;JUN13 Futures ;2542,0000;09.04.2013 08:00;00033e1c.00012f31.51639a3d.0001;MCM ESTX B 50% S;DU19844;SLD;ESTX50;DTB;ESTX50
31;JUN13 Futures ;2540,0000;09.04.2013 21:55;00033e1c.00012f31.51639b6b.0001;MCM ESTX B 50% S;DU19844;BOT;ESTX50;DTB;ESTX50
89;JUN13 Futures ;1560,2500;09.04.2013 15:35;00033e1c.00012f31.51639ad1.0001;MCM ES B 30% S;DU19844;SLD;ES;GLOBEX;ES
89;JUN13 Futures ;1563,0000;09.04.2013 22:13;00033e1c.00012f31.51639b72.0001;MCM ES B 30% S;DU19844;BOT;ES;GLOBEX;ES
6;JUN13 Futures ;7710,0000;09.04.2013 08:00;00033e1c.00012f31.51639a35.0001;MCM DAX B 50% S;DU19844;SLD;DAX;DTB;DAX
1;JUN13 Futures ;2542,0000;09.04.2013 08:00;00033e1c.00012f31.51639a3b.0001;ESTX S;DU19844;SLD;ESTX50;DTB;ESTX50
1;JUN13 Futures ;2540,0000;09.04.2013 21:55;00033e1c.00012f31.51639b6a.0001;ESTX S;DU19844;BOT;ESTX50;DTB;ESTX50
8;JUN13 Futures ;1,3078;09.04.2013 15:02;00033e1c.00012f31.51639a4b.0001;EC 123 L2_select;DU19844;BOT;EUR;GLOBEX;EUR
8;JUN13 Futures ;1,3100;09.04.2013 20:50;00033e1c.00012f31.51639b5f.0001;EC 123 L2_select;DU19844;SLD;EUR;GLOBEX;EUR
2;MAY13 Futures ;93,0550;09.04.2013 15:42;00033e1c.00012f31.51639a57.0001;CL s->m 3. Short;DU19844;SLD;CL;NYMEX;CL
2;MAY13 Futures ;94,1700;09.04.2013 18:00;00033e1c.00012f31.51639aeb.0001;CL s->m 3. Short;DU19844;BOT;CL;NYMEX;CL
19;JUN13 Futures ;2542,0000;08:28:16;00033e1c.00012f31.5164ebce.0001;MCM ESTX B 30% L;DU19844;BOT;ESTX50;DTB;ESTX50
53;JUN13 Futures ;1575,0000;16:09:14;00033e1c.00012f31.5164ec17.0001;MCM ES B 50% L;DU19844;BOT;ES;GLOBEX;ES
4;JUN13 Futures ;7710,5000;10:07:02;00033e1c.00012f31.5164ebd2.0001;MCM DAX B 30% L;DU19844;BOT;DAX;DTB;DAX
6;APR13 Futures ;3694,5000;09:15:49;00033e1c.00012f31.5164ebd0.0001;MCM CAC B 30% L;DU19844;BOT;CAC40;MONEP;CAC40
1;JUN13 Futures ;2540,0000;08:22:25;00033e1c.00012f31.5164ebcc.0001;ESTX L;DU19844;BOT;ESTX50;DTB;ESTX50
15;JUN13 Futures ;1575,0000;16:09:14;00033e1c.00012f31.5164ec15.0001;ES 123 L8 select;DU19844;BOT;ES;GLOBEX;ES
15;JUN13 Futures ;1573,7500;16:14:10;00033e1c.00012f31.5164ec2b.0001;ES 123 L8 select;DU19844;SLD;ES;GLOBEX;ES
15;JUN13 Futures ;1575,0000;16:09:14;00033e1c.00012f31.5164ec14.0001;ES 123 L5 select;DU19844;BOT;ES;GLOBEX;ES
15;JUN13 Futures ;1573,7500;16:14:10;00033e1c.00012f31.5164ec2a.0001;ES 123 L5 select;DU19844;SLD;ES;GLOBEX;ES
15;JUN13 Futures ;1575,0000;16:09:14;00033e1c.00012f31.5164ec13.0001;ES 123 L3 select;DU19844;BOT;ES;GLOBEX;ES
15;JUN13 Futures ;1573,7500;16:14:09;00033e1c.00012f31.5164ec27.0001;ES 123 L3 select;DU19844;SLD;ES;GLOBEX;ES
15;JUN13 Futures ;1576,7500;16:47:45;00033e1c.00012f31.5164ec34.0001;ES 123 L3 select;DU19844;BOT;ES;GLOBEX;ES
15;JUN13 Futures ;1575,0000;16:09:14;00033e1c.00012f31.5164ec12.0001;ES 123 L2 select;DU19844;BOT;ES;GLOBEX;ES
15;JUN13 Futures ;1573,7500;16:14:11;00033e1c.00012f31.5164ec30.0001;ES 123 L2 select;DU19844;SLD;ES;GLOBEX;ES
15;JUN13 Futures ;1575,7500;16:43:04;00033e1c.00012f31.5164ec33.0001;ES 123 L2 select;DU19844;BOT;ES;GLOBEX;ES
6;JUN13 Futures ;7667,0000;08:04:07;00033e1c.00012f31.5164ebd8.0001;CR;DU19844;BOT;DAX;DTB;DAX
19;JUN13 Futures ;2542,0000;10.04.2013 08:28;00033e1c.00012f31.5164ebce.0001;MCM ESTX B 30% L;DU19844;BOT;ESTX50;DTB;ESTX50
19;JUN13 Futures ;2599,0000;10.04.2013 21:55;00033e1c.00012f31.5164ec82.0001;MCM ESTX B 30% L;DU19844;SLD;ESTX50;DTB;ESTX50
53;JUN13 Futures ;1575,0000;10.04.2013 16:09;00033e1c.00012f31.5164ec17.0001;MCM ES B 50% L;DU19844;BOT;ES;GLOBEX;ES
53;JUN13 Futures ;1582,5000;10.04.2013 22:11;00033e1c.00012f31.5164ec8b.0001;MCM ES B 50% L;DU19844;SLD;ES;GLOBEX;ES
4;JUN13 Futures ;7710,5000;10.04.2013 10:07;00033e1c.00012f31.5164ebd2.0001;MCM DAX B 30% L;DU19844;BOT;DAX;DTB;DAX
4;JUN13 Futures ;7830,5000;10.04.2013 21:55;00033e1c.00012f31.5164ec7f.0001;MCM DAX B 30% L;DU19844;SLD;DAX;DTB;DAX
6;APR13 Futures ;3694,5000;10.04.2013 09:15;00033e1c.00012f31.5164ebd0.0001;MCM CAC B 30% L;DU19844;BOT;CAC40;MONEP;CAC40
6;APR13 Futures ;3744,5000;10.04.2013 21:50;00033e1c.00012f31.5164ec7c.0001;MCM CAC B 30% L;DU19844;SLD;CAC40;MONEP;CAC40
1;JUN13 Futures ;2540,0000;10.04.2013 08:22;00033e1c.00012f31.5164ebcc.0001;ESTX L;DU19844;BOT;ESTX50;DTB;ESTX50
1;JUN13 Futures ;2599,0000;10.04.2013 21:55;00033e1c.00012f31.5164ec81.0001;ESTX L;DU19844;SLD;ESTX50;DTB;ESTX50
15;JUN13 Futures ;1575,0000;10.04.2013 16:09;00033e1c.00012f31.5164ec15.0001;ES 123 L8 select;DU19844;BOT;ES;GLOBEX;ES
15;JUN13 Futures ;1573,7500;10.04.2013 16:14;00033e1c.00012f31.5164ec2b.0001;ES 123 L8 select;DU19844;SLD;ES;GLOBEX;ES
15;JUN13 Futures ;1575,0000;10.04.2013 16:09;00033e1c.00012f31.5164ec14.0001;ES 123 L5 select;DU19844;BOT;ES;GLOBEX;ES
15;JUN13 Futures ;1573,7500;10.04.2013 16:14;00033e1c.00012f31.5164ec2a.0001;ES 123 L5 select;DU19844;SLD;ES;GLOBEX;ES
15;JUN13 Futures ;1575,0000;10.04.2013 16:09;00033e1c.00012f31.5164ec13.0001;ES 123 L3 select;DU19844;BOT;ES;GLOBEX;ES
15;JUN13 Futures ;1573,7500;10.04.2013 16:14;00033e1c.00012f31.5164ec27.0001;ES 123 L3 select;DU19844;SLD;ES;GLOBEX;ES
15;JUN13 Futures ;1576,7500;10.04.2013 16:47;00033e1c.00012f31.5164ec34.0001;ES 123 L3 select;DU19844;BOT;ES;GLOBEX;ES
15;JUN13 Futures ;1582,2500;10.04.2013 22:10;00033e1c.00012f31.5164ec91.0001;ES 123 L3 select;DU19844;SLD;ES;GLOBEX;ES
15;JUN13 Futures ;1575,0000;10.04.2013 16:09;00033e1c.00012f31.5164ec12.0001;ES 123 L2 select;DU19844;BOT;ES;GLOBEX;ES
15;JUN13 Futures ;1573,7500;10.04.2013 16:14;00033e1c.00012f31.5164ec30.0001;ES 123 L2 select;DU19844;SLD;ES;GLOBEX;ES
15;JUN13 Futures ;1575,7500;10.04.2013 16:43;00033e1c.00012f31.5164ec33.0001;ES 123 L2 select;DU19844;BOT;ES;GLOBEX;ES
15;JUN13 Futures ;1582,2500;10.04.2013 22:10;00033e1c.00012f31.5164ec8e.0001;ES 123 L2 select;DU19844;SLD;ES;GLOBEX;ES
6;JUN13 Futures ;7667,0000;10.04.2013 08:04;00033e1c.00012f31.5164ebd8.0001;CR;DU19844;BOT;DAX;DTB;DAX
19;JUN13 Futures ;2611,0000;11.04.2013 10:52;00033e1c.00012f31.51663d74.0001;MCM ESTX B 30% L;DU19844;BOT;ESTX50;DTB;ESTX50
19;JUN13 Futures ;2606,0000;11.04.2013 21:55;00033e1c.00012f31.51663e0f.0001;MCM ESTX B 30% L;DU19844;SLD;ESTX50;DTB;ESTX50
6;JUN13 Futures ;7819,0000;11.04.2013 08:00;00033e1c.00012f31.51663d61.0001;MCM DAX B 50% S;DU19844;SLD;DAX;DTB;DAX
4;JUN13 Futures ;7870,5000;11.04.2013 10:52;00033e1c.00012f31.51663d71.0001;MCM DAX B 30% L;DU19844;BOT;DAX;DTB;DAX
4;JUN13 Futures ;7851,0000;11.04.2013 21:55;00033e1c.00012f31.51663e0d.0001;MCM DAX B 30% L;DU19844;SLD;DAX;DTB;DAX
6;APR13 Futures ;3777,5000;11.04.2013 16:42;00033e1c.00012f31.51663d72.0001;MCM CAC B 30% L;DU19844;BOT;CAC40;MONEP;CAC40
6;APR13 Futures ;3767,0000;11.04.2013 21:50;00033e1c.00012f31.51663e04.0001;MCM CAC B 30% L;DU19844;SLD;CAC40;MONEP;CAC40
1;JUN13 Futures ;2611,0000;11.04.2013 10:52;00033e1c.00012f31.51663d66.0001;ESTX L;DU19844;BOT;ESTX50;DTB;ESTX50
1;JUN13 Futures ;2607,0000;11.04.2013 21:55;00033e1c.00012f31.51663e09.0001;ESTX L;DU19844;SLD;ESTX50;DTB;ESTX50
8;JUN13 Futures ;1,3136;11.04.2013 12:15;00033e1c.00012f31.51663d7d.0001;EC 123 L2_select;DU19844;BOT;EUR;GLOBEX;EUR
8;JUN13 Futures ;1,3114;11.04.2013 20:50;00033e1c.00012f31.51663e01.0001;EC 123 L2_select;DU19844;SLD;EUR;GLOBEX;EUR
6;JUN13 Futures ;7798,9170;11.04.2013 09:04;00033e1c.00012f31.51663d80.0001;CR;DU19844;BOT;DAX;DTB;DAX
2;MAY13 Futures ;93,3600;11.04.2013 17:50;00033e1c.00012f31.51663d79.0001;CL s->m 3. Short;DU19844;SLD;CL;NYMEX;CL
2;MAY13 Futures ;93,4700;11.04.2013 22:00;00033e1c.00012f31.51663e16.0001;CL s->m 3. Short;DU19844;BOT;CL;NYMEX;CL
1;APR13 Futures ;13,5500;12.04.2013 14:36;00033e1c.00012f31.51678f2a.0001;VIX 1;DU19844;BOT;VIX;CFE;VIX
1;APR13 Futures ;13,1500;12.04.2013 15:46;00033e1c.00012f31.51678f38.0001;VIX 1;DU19844;SLD;VIX;CFE;VIX
31;JUN13 Futures ;2574,0000;12.04.2013 14:35;00033e1c.00012f31.51678eed.0001;MCM ESTX B 50% S;DU19844;SLD;ESTX50;DTB;ESTX50
31;JUN13 Futures ;2592,0000;12.04.2013 21:56;00033e1c.00012f31.51678fd9.0001;MCM ESTX B 50% S;DU19844;BOT;ESTX50;DTB;ESTX50
19;JUN13 Futures ;2604,0000;12.04.2013 08:00;00033e1c.00012f31.51678ed0.0001;MCM ESTX B 30% L;DU19844;BOT;ESTX50;DTB;ESTX50
19;JUN13 Futures ;2591,0000;12.04.2013 21:56;00033e1c.00012f31.51678fce.0001;MCM ESTX B 30% L;DU19844;SLD;ESTX50;DTB;ESTX50
53;JUN13 Futures ;1584,0000;12.04.2013 15:30;00033e1c.00012f31.51678f44.0001;MCM ES B 50% L;DU19844;BOT;ES;GLOBEX;ES
53;JUN13 Futures ;1581,7500;12.04.2013 22:14;00033e1c.00012f31.51678fed.0001;MCM ES B 50% L;DU19844;SLD;ES;GLOBEX;ES
117;JUN13 Futures ;1577,4400;12.04.2013 16:48;00033e1c.00012f31.51678f43.0001;MCM ES B 30% S;DU19844;SLD;ES;GLOBEX;ES
117;JUN13 Futures ;1582,0000;12.04.2013 22:10;00033e1c.00012f31.51678fe8.0001;MCM ES B 30% S;DU19844;BOT;ES;GLOBEX;ES
6;JUN13 Futures ;7820,1670;12.04.2013 10:06;00033e1c.00012f31.51678ee9.0001;MCM DAX B 50% S;DU19844;SLD;DAX;DTB;DAX
6;JUN13 Futures ;7790,0830;12.04.2013 21:55;00033e1c.00012f31.51678fd6.0001;MCM DAX B 50% S;DU19844;BOT;DAX;DTB;DAX
4;JUN13 Futures ;7839,5000;12.04.2013 08:19;00033e1c.00012f31.51678ee5.0002;MCM DAX B 30% L;DU19844;BOT;DAX;DTB;DAX
9;APR13 Futures ;3723,1670;12.04.2013 14:35;00033e1c.00012f31.51678ed3.0001;MCM CAC B 50% S;DU19844;SLD;CAC40;MONEP;CAC40
9;APR13 Futures ;3750,0000;12.04.2013 21:55;00033e1c.00012f31.51678fc7.0001;MCM CAC B 50% S;DU19844;BOT;CAC40;MONEP;CAC40
1;JUN13 Futures ;2597,0000;12.04.2013 09:25;00033e1c.00012f31.51678ecf.0001;ESTX S;DU19844;SLD;ESTX50;DTB;ESTX50
1;JUN13 Futures ;2590,0000;12.04.2013 21:57;00033e1c.00012f31.51678fcd.0001;ESTX S;DU19844;BOT;ESTX50;DTB;ESTX50
1;JUN13 Futures ;2604,0000;12.04.2013 08:00;00033e1c.00012f31.51678ece.0001;ESTX L;DU19844;BOT;ESTX50;DTB;ESTX50
1;JUN13 Futures ;2591,0000;12.04.2013 21:56;00033e1c.00012f31.51678fcc.0001;ESTX L;DU19844;SLD;ESTX50;DTB;ESTX50
15;JUN13 Futures ;1584,2330;12.04.2013 15:30;00033e1c.00012f31.51678f42.0001;ES 123 L8 select;DU19844;BOT;ES;GLOBEX;ES
15;JUN13 Futures ;1581,0000;12.04.2013 16:23;00033e1c.00012f31.51678fa0.0001;ES 123 L8 select;DU19844;SLD;ES;GLOBEX;ES
15;JUN13 Futures ;1584,2500;12.04.2013 15:30;00033e1c.00012f31.51678f41.0001;ES 123 L5 select;DU19844;BOT;ES;GLOBEX;ES
15;JUN13 Futures ;1581,0000;12.04.2013 16:23;00033e1c.00012f31.51678f9f.0001;ES 123 L5 select;DU19844;SLD;ES;GLOBEX;ES
15;JUN13 Futures ;1584,0000;12.04.2013 15:30;00033e1c.00012f31.51678f40.0001;ES 123 L3 select;DU19844;BOT;ES;GLOBEX;ES
15;JUN13 Futures ;1581,0000;12.04.2013 16:23;00033e1c.00012f31.51678f9e.0001;ES 123 L3 select;DU19844;SLD;ES;GLOBEX;ES
15;JUN13 Futures ;1584,0000;12.04.2013 15:30;00033e1c.00012f31.51678f3f.0001;ES 123 L2 select;DU19844;BOT;ES;GLOBEX;ES
15;JUN13 Futures ;1581,0000;12.04.2013 16:23;00033e1c.00012f31.51678f9c.0001;ES 123 L2 select;DU19844;SLD;ES;GLOBEX;ES
8;JUN13 Futures ;1,3072;12.04.2013 09:30;00033e1c.00012f31.51678f10.0001;EC 123 S4_select;DU19844;SLD;EUR;GLOBEX;EUR
8;JUN13 Futures ;1,3088;12.04.2013 20:50;00033e1c.00012f31.51678fc4.0001;EC 123 S4_select;DU19844;BOT;EUR;GLOBEX;EUR
4;JUN13 Futures ;7841,5000;12.04.2013 08:20;00033e1c.00012f31.51678eea.0001;CR;DU19844;SLD;DAX;DTB;DAX
2;MAY13 Futures ;92,2700;12.04.2013 11:20;00033e1c.00012f31.51678ef5.0001;CL s->m 4. Short;DU19844;SLD;CL;NYMEX;CL
2;MAY13 Futures ;91,5800;12.04.2013 20:02;00033e1c.00012f31.51678f29.0001;CL s->m 4. Short;DU19844;BOT;CL;NYMEX;CL
2;MAY13 Futures ;92,3200;12.04.2013 11:18;00033e1c.00012f31.51678ef4.0001;CL s->m 3. Short;DU19844;SLD;CL;NYMEX;CL
2;MAY13 Futures ;91,5800;12.04.2013 20:02;00033e1c.00012f31.51678f26.0001;CL s->m 3. Short;DU19844;BOT;CL;NYMEX;CL
1;JUN13 Futures ;2568,0000;12.04.2013 17:07;00033e1c.00012f31.51678f01.0001;! ESTX 123 S3 all;DU19844;SLD;ESTX50;DTB;ESTX50
1;JUN13 Futures ;2592,0000;12.04.2013 21:56;00033e1c.00012f31.51678fd8.0001;! ESTX 123 S3 all;DU19844;BOT;ESTX50;DTB;ESTX50
1;JUN13 Futures ;2604,0000;12.04.2013 08:00;00033e1c.00012f31.51678ecb.0001;! ESTX 123 L5 all;DU19844;BOT;ESTX50;DTB;ESTX50
1;JUN13 Futures ;2602,0000;12.04.2013 08:32;00033e1c.00012f31.51678ef6.0001;! ESTX 123 L5 all;DU19844;SLD;ESTX50;DTB;ESTX50
1;APR13 Futures ;13,3500;15.04.2013 17:54;00033e1c.00012f31.516b83b4.0001;VIX 2;DU19844;BOT;VIX;CFE;VIX
1;APR13 Futures ;16,3000;15.04.2013 22:10;00033e1c.00012f31.516b844f.0001;VIX 2;DU19844;SLD;VIX;CFE;VIX
1;APR13 Futures ;13,1000;15.04.2013 14:00;00033e1c.00012f31.516b83b3.0001;VIX 1;DU19844;SLD;VIX;CFE;VIX
1;APR13 Futures ;13,2500;15.04.2013 15:48;00033e1c.00012f31.516b83b2.0001;VIX 1;DU19844;BOT;VIX;CFE;VIX
31;JUN13 Futures ;2566,0000;15.04.2013 10:07;00033e1c.00012f31.516b832f.0001;MCM ESTX B 50% S;DU19844;SLD;ESTX50;DTB;ESTX50
31;JUN13 Futures ;2547,0000;15.04.2013 21:55;00033e1c.00012f31.516b843f.0001;MCM ESTX B 50% S;DU19844;BOT;ESTX50;DTB;ESTX50
89;JUN13 Futures ;1572,0000;15.04.2013 15:48;00033e1c.00012f31.516b83e1.0001;MCM ES B 30% S;DU19844;SLD;ES;GLOBEX;ES
89;JUN13 Futures ;1546,0000;15.04.2013 22:10;00033e1c.00012f31.516b8451.0001;MCM ES B 30% S;DU19844;BOT;ES;GLOBEX;ES
6;JUN13 Futures ;7693,5000;15.04.2013 10:17;00033e1c.00012f31.516b832a.0001;MCM DAX B 50% S;DU19844;SLD;DAX;DTB;DAX
6;JUN13 Futures ;7675,0000;15.04.2013 21:55;00033e1c.00012f31.516b8446.0001;MCM DAX B 50% S;DU19844;BOT;DAX;DTB;DAX
6;APR13 Futures ;3680,5000;15.04.2013 21:50;00033e1c.00012f31.516b842f.0001;MCM CAC B 50% S;DU19844;BOT;CAC40;MONEP;CAC40
9;APR13 Futures ;3732,0000;15.04.2013 08:50;00033e1c.00012f31.516b8331.0001;MCM CAC B 50% S;DU19844;SLD;CAC40;MONEP;CAC40
6;APR13 Futures ;3741,5000;15.04.2013 09:11;00033e1c.00012f31.516b8330.0001;MCM CAC B 30% L;DU19844;BOT;CAC40;MONEP;CAC40
6;APR13 Futures ;3680,0000;15.04.2013 21:50;00033e1c.00012f31.516b8433.0001;MCM CAC B 30% L;DU19844;SLD;CAC40;MONEP;CAC40
2;MAY13 Futures ;89,1300;15.04.2013 09:01;00033e1c.00012f31.516b834d.0001;CL s->m 3. Short;DU19844;SLD;CL;NYMEX;CL
2;MAY13 Futures ;89,1500;15.04.2013 09:04;00033e1c.00012f31.516b8353.0001;CL s->m 3. Short;DU19844;BOT;CL;NYMEX;CL
2;MAY13 Futures ;89,4200;15.04.2013 09:40;00033e1c.00012f31.516b8356.0001;CL s->m 3. Short;DU19844;SLD;CL;NYMEX;CL
2;MAY13 Futures ;89,3500;15.04.2013 13:49;00033e1c.00012f31.516b835d.0001;CL s->m 3. Short;DU19844;BOT;CL;NYMEX;CL
1;JUN13 Futures ;2553,0000;15.04.2013 10:17;00033e1c.00012f31.516b8336.0001;! ESTX 123 S4 select;DU19844;SLD;ESTX50;DTB;ESTX50
1;JUN13 Futures ;2547,0000;15.04.2013 21:55;00033e1c.00012f31.516b843e.0001;! ESTX 123 S4 select;DU19844;BOT;ESTX50;DTB;ESTX50
1;JUN13 Futures ;2555,0000;15.04.2013 10:17;00033e1c.00012f31.516b8335.0001;! ESTX 123 S3 all;DU19844;SLD;ESTX50;DTB;ESTX50
1;JUN13 Futures ;2547,0000;15.04.2013 21:55;00033e1c.00012f31.516b843d.0001;! ESTX 123 S3 all;DU19844;BOT;ESTX50;DTB;ESTX50
1;APR13 Futures ;14,8500;16.04.2013 14:00;00033e1c.00012f31.516cd5b4.0001;VIX 1;DU19844;SLD;VIX;CFE;VIX
1;APR13 Futures ;14,0000;16.04.2013 22:10;00033e1c.00012f31.516cd64e.0001;VIX 1;DU19844;BOT;VIX;CFE;VIX
19;JUN13 Futures ;2571,6320;16.04.2013 14:57;00033e1c.00012f31.516cd53b.0001;MCM ESTX B 30% L;DU19844;BOT;ESTX50;DTB;ESTX50
19;JUN13 Futures ;2561,0000;16.04.2013 21:59;00033e1c.00012f31.516cd64a.0001;MCM ESTX B 30% L;DU19844;SLD;ESTX50;DTB;ESTX50
53;JUN13 Futures ;1559,0000;16.04.2013 15:30;00033e1c.00012f31.516cd5dd.0001;MCM ES B 50% L;DU19844;BOT;ES;GLOBEX;ES
53;JUN13 Futures ;1568,7500;16.04.2013 22:14;00033e1c.00012f31.516cd660.0001;MCM ES B 50% L;DU19844;SLD;ES;GLOBEX;ES
89;JUN13 Futures ;1557,5000;16.04.2013 15:32;00033e1c.00012f31.516cd5dc.0001;MCM ES B 30% S;DU19844;SLD;ES;GLOBEX;ES
89;JUN13 Futures ;1569,2500;16.04.2013 22:10;00033e1c.00012f31.516cd652.0001;MCM ES B 30% S;DU19844;BOT;ES;GLOBEX;ES
4;JUN13 Futures ;7699,0000;16.04.2013 08:05;00033e1c.00012f31.516cd543.0001;MCM DAX B 30% L;DU19844;BOT;DAX;DTB;DAX
4;JUN13 Futures ;7717,5000;16.04.2013 21:55;00033e1c.00012f31.516cd639.0001;MCM DAX B 30% L;DU19844;SLD;DAX;DTB;DAX
6;APR13 Futures ;3720,0000;16.04.2013 14:58;00033e1c.00012f31.516cd53d.0001;MCM CAC B 30% L;DU19844;BOT;CAC40;MONEP;CAC40
6;APR13 Futures ;3699,0000;16.04.2013 21:50;00033e1c.00012f31.516cd636.0001;MCM CAC B 30% L;DU19844;SLD;CAC40;MONEP;CAC40
1;JUN13 Futures ;2559,0000;16.04.2013 08:24;00033e1c.00012f31.516cd539.0001;ESTX L;DU19844;BOT;ESTX50;DTB;ESTX50
1;JUN13 Futures ;2561,0000;16.04.2013 21:59;00033e1c.00012f31.516cd648.0001;ESTX L;DU19844;SLD;ESTX50;DTB;ESTX50
15;JUN13 Futures ;1559,0000;16.04.2013 15:30;00033e1c.00012f31.516cd5db.0001;ES 123 L8 select;DU19844;BOT;ES;GLOBEX;ES
15;JUN13 Futures ;1560,0000;16.04.2013 15:36;00033e1c.00012f31.516cd5fe.0001;ES 123 L8 select;DU19844;SLD;ES;GLOBEX;ES
15;JUN13 Futures ;1559,0000;16.04.2013 15:30;00033e1c.00012f31.516cd5da.0001;ES 123 L5 select;DU19844;BOT;ES;GLOBEX;ES
15;JUN13 Futures ;1560,0000;16.04.2013 15:36;00033e1c.00012f31.516cd5fd.0001;ES 123 L5 select;DU19844;SLD;ES;GLOBEX;ES
15;JUN13 Futures ;1559,0000;16.04.2013 15:30;00033e1c.00012f31.516cd5d9.0001;ES 123 L3 select;DU19844;BOT;ES;GLOBEX;ES
15;JUN13 Futures ;1560,0000;16.04.2013 15:36;00033e1c.00012f31.516cd5fc.0001;ES 123 L3 select;DU19844;SLD;ES;GLOBEX;ES
15;JUN13 Futures ;1560,7500;16.04.2013 15:38;00033e1c.00012f31.516cd609.0001;ES 123 L3 select;DU19844;BOT;ES;GLOBEX;ES
15;JUN13 Futures ;1569,0000;16.04.2013 22:11;00033e1c.00012f31.516cd65b.0001;ES 123 L3 select;DU19844;SLD;ES;GLOBEX;ES
15;JUN13 Futures ;1559,0000;16.04.2013 15:30;00033e1c.00012f31.516cd5d8.0001;ES 123 L2 select;DU19844;BOT;ES;GLOBEX;ES
15;JUN13 Futures ;1560,0000;16.04.2013 15:36;00033e1c.00012f31.516cd5f9.0001;ES 123 L2 select;DU19844;SLD;ES;GLOBEX;ES
15;JUN13 Futures ;1560,5000;16.04.2013 15:37;00033e1c.00012f31.516cd605.0001;ES 123 L2 select;DU19844;BOT;ES;GLOBEX;ES
15;JUN13 Futures ;1569,0000;16.04.2013 22:10;00033e1c.00012f31.516cd659.0001;ES 123 L2 select;DU19844;SLD;ES;GLOBEX;ES
8;JUN13 Futures ;1,3118;16.04.2013 12:41;00033e1c.00012f31.516cd562.0001;EC 123 L4_all;DU19844;BOT;EUR;GLOBEX;EUR
8;JUN13 Futures ;1,3199;16.04.2013 20:50;00033e1c.00012f31.516cd62d.0001;EC 123 L4_all;DU19844;SLD;EUR;GLOBEX;EUR
8;JUN13 Futures ;1,3127;16.04.2013 13:19;00033e1c.00012f31.516cd561.0001;EC 123 L3_select;DU19844;BOT;EUR;GLOBEX;EUR
8;JUN13 Futures ;1,3199;16.04.2013 20:50;00033e1c.00012f31.516cd62c.0001;EC 123 L3_select;DU19844;SLD;EUR;GLOBEX;EUR
8;JUN13 Futures ;1,3114;16.04.2013 12:41;00033e1c.00012f31.516cd560.0001;EC 123 L2_select;DU19844;BOT;EUR;GLOBEX;EUR
8;JUN13 Futures ;1,3199;16.04.2013 20:50;00033e1c.00012f31.516cd62a.0001;EC 123 L2_select;DU19844;SLD;EUR;GLOBEX;EUR
3;APR13 Futures ;3678,5000;16.04.2013 10:54;00033e1c.00012f31.516cd579.0001;CR;DU19844;BOT;CAC40;MONEP;CAC40
45;JUN13 Futures ;145,5600;16.04.2013 18:08;00033e1c.00012f31.516cd549.0001;$BND m->s S3;DU19844;SLD;GBL;DTB;GBL
45;JUN13 Futures ;145,6800;16.04.2013 21:57;00033e1c.00012f31.516cd645.0001;$BND m->s S3;DU19844;BOT;GBL;DTB;GBL
1;JUN13 Futures ;2574,0000;16.04.2013 14:58;00033e1c.00012f31.516cd54a.0001;! ESTX 123 L3 select;DU19844;BOT;ESTX50;DTB;ESTX50
1;JUN13 Futures ;2561,0000;16.04.2013 21:55;00033e1c.00012f31.516cd642.0001;! ESTX 123 L3 select;DU19844;SLD;ESTX50;DTB;ESTX50
